Country,average_rating
Brazil,3.0741666666666667
France,3.0302683780630106
Egypt,3.024298245614035
